method,accuracy,precision,recall,f1_score,method_type,description
Frequency Threshold,0.77548353981475,1.0,0.33312543312543313,0.49976607579144355,Traditional,基于频率阈值的异常检测 (阈值=7.000)
Duration Threshold,0.7005062877674343,1.0,0.11042273042273042,0.19888413195701288,Traditional,基于持续时间阈值的异常检测 (阈值=4.807)
Severity Threshold,0.759982268262523,1.0,0.2870824670824671,0.44609801535595445,Traditional,基于严重程度阈值的异常检测 (优化阈值=4.530)
Composite Climate Index,0.6633303002729755,0.0,0.0,0.0,Traditional,复合气候指数异常检测 (优化阈值=0.65)
Statistical Outlier (3-sigma),0.6796248337649612,1.0,0.0483991683991684,0.09232965812643769,Traditional,统计异常值检测 (3-sigma规则)
AutoEncoder,0.6794288514033737,0.5794345183275005,0.1744005544005544,0.2681055973408902,AI/ML,Deep AutoEncoder with 6-Layer Architecture and Advanced Optimization (threshold: 0.6051)
3-Sigma,0.8657380835724785,0.923281094478815,0.6556895356895357,0.7668106557310619,AI/ML,Statistical 3-Sigma Rule Anomaly Detection
Fusion_3Sigma_AE,0.8766431021208091,0.926627594445274,0.6880803880803881,0.7897332294036237,AI/ML,"右上角区域融合模型: 平衡精确率和召回率优化 (高置信度:43795, 一致性:1, 中等置信度:53576, 敏感检测:41729, 总计:53576)"
